Identifier,StructureData,Polymer EntityData,,,
Entry ID,PDB ID,Asym ID,Auth Asym ID,Entity ID,
"1AAL","1AAL","A","A","1"
,,"B","B"
"1AAP","1AAP","A","A","1"
,,"B","B"
"1B0C","1B0C","A","A","1"
,,"B","B"
,,"C","C"
,,"D","D"
,,"E","E"
"1BHC","1BHC","A","A","1"
,,"B","B"
,,"C","C"
,,"D","D"
,,"E","E"
,,"F","F"
,,"G","G"
,,"H","H"
,,"I","I"
,,"J","J"
"1BIK","1BIK","A","A","1"
"1BPI","1BPI","A","A","1"
"1BPT","1BPT","A","A","1"
"1BRC","1BRC","A","E","1"
,,"B","I","2"
"1BTH","1BTH","A","L","1"
,,"C","J"
,,"B","H","2"
,,"D","K"
,,"E","P","3"
,,"F","Q"
"1BTI","1BTI","A","A","1"
"1BUN","1BUN","A","A","1"
,,"B","B","2"
"1BZ5","1BZ5","A","A","1"
,,"B","B"
,,"C","C"
,,"D","D"
,,"E","E"
"1BZX","1BZX","A","E","1"
,,"B","I","2"
"1CA0","1CA0","A","A","1"
,,"E","F"
,,"B","B","2"
,,"F","G"
,,"C","C","3"
,,"G","H"
,,"D","D","4"
,,"H","I"
"1CBW","1CBW","A","A","1"
,,"E","F"
,,"B","B","2"
,,"F","G"
,,"C","C","3"
,,"G","H"
,,"D","D","4"
,,"H","I"
"1D0D","1D0D","A","A","1"
,,"B","B","2"
"1DTX","1DTX","A","A","1"
"1EAW","1EAW","A","A","1"
,,"C","C"
,,"B","B","2"
,,"D","D"
"1EJM","1EJM","A","A","1"
,,"C","C"
,,"E","E"
,,"B","B","2"
,,"D","D"
,,"F","F"
"1F5R","1F5R","A","A","1"
,,"B","I","2"
"1F7Z","1F7Z","A","A","1"
,,"B","I","2"
"1FAK","1FAK","A","L","1"
,,"C","T","3"
,,"D","I","4"
,,"B","H","2"
"1FAN","1FAN","A","A","1"
"1FY8","1FY8","A","E","1"
,,"B","I","2"
"1G6X","1G6X","A","A","1"
"1K6U","1K6U","A","A","1"
"1KNT","1KNT","A","A","1"
"1KTH","1KTH","A","A","1"
"1MTN","1MTN","E","E","1"
,,"A","A"
,,"B","B","2"
,,"F","F"
,,"C","C","3"
,,"G","G"
,,"D","D","4"
,,"H","H"
"1NAG","1NAG","A","A","1"
"1P2I","1P2I","A","A","1"
,,"B","I","2"
"1P2J","1P2J","A","A","1"
,,"B","I","2"
"1P2K","1P2K","A","A","1"
,,"B","I","2"
"1P2M","1P2M","A","A","1"
,,"C","C"
,,"B","B","2"
,,"D","D"
"1P2N","1P2N","C","C","1"
,,"A","A"
,,"D","D","2"
,,"B","B"
"1P2O","1P2O","A","A","1"
,,"C","C"
,,"B","B","2"
,,"D","D"
"1P2Q","1P2Q","A","A","1"
,,"C","C"
,,"B","B","2"
,,"D","D"
"1QLQ","1QLQ","A","A","1"
"1T7C","1T7C","A","A","1"
,,"C","C"
,,"B","B","2"
,,"D","D"
"1T8L","1T8L","A","A","1"
,,"C","C"
,,"B","B","2"
,,"D","D"
"1T8M","1T8M","A","A","1"
,,"C","C"
,,"B","B","2"
,,"D","D"
"1T8N","1T8N","A","A","1"
,,"C","C"
,,"B","B","2"
,,"D","D"
"1T8O","1T8O","A","A","1"
,,"C","C"
,,"B","B","2"
,,"D","D"
"1TAW","1TAW","A","A","1"
,,"B","B","2"
"1TFX","1TFX","A","A","1"
,,"B","B"
,,"C","C","2"
,,"D","D"
"1TPA","1TPA","B","I","2"
,,"A","E","1"
"1Y62","1Y62","A","A","1"
,,"B","B"
,,"C","C"
,,"D","D"
,,"E","E"
,,"F","F"
"1YC0","1YC0","A","A","1"
,,"B","I","2"
"1YKT","1YKT","A","A","1"
,,"B","B","2"
"1YLC","1YLC","A","A","1"
,,"B","B","2"
"1YLD","1YLD","A","A","1"
,,"B","B","2"
"1ZJD","1ZJD","A","A","1"
,,"B","B","2"
"1ZR0","1ZR0","A","A","1"
,,"C","C"
,,"B","B","2"
,,"D","D"
"2FI3","2FI3","A","E","1"
,,"B","I","2"
"2FI4","2FI4","A","E","1"
,,"B","I","2"
"2FI5","2FI5","A","E","1"
,,"B","I","2"
"2FTL","2FTL","A","E","1"
,,"B","I","2"
"2FTM","2FTM","B","B","2"
,,"A","A","1"
"2HEX","2HEX","A","A","1"
,,"B","B"
,,"C","C"
,,"D","D"
,,"E","E"
"2IJO","2IJO","A","A","1"
,,"B","B","2"
,,"C","I","3"
"2KAI","2KAI","A","A","1"
,,"B","B","2"
,,"C","I","3"
"2KNT","2KNT","A","A","1"
"2ODY","2ODY","A","A","1"
,,"C","C"
,,"B","B","2"
,,"D","D"
,,"E","E","3"
,,"F","F"
"2PTC","2PTC","A","E","1"
,,"B","I","2"
"2R9P","2R9P","A","A","1"
,,"B","B"
,,"C","C"
,,"D","D"
,,"E","I","2"
,,"F","E"
,,"G","F"
,,"H","G"
"2RA3","2RA3","A","A","1"
,,"B","B"
,,"C","I","2"
,,"D","C"
"2TGP","2TGP","A","Z","1"
,,"B","I","2"
"2TPI","2TPI","A","Z","1"
,,"B","I","2"
"2ZJX","2ZJX","A","A","1"
,,"B","B"
"2ZVX","2ZVX","A","A","1"
,,"B","B"
"3BTD","3BTD","A","E","1"
,,"B","I","2"
"3BTE","3BTE","A","E","1"
,,"B","I","2"
"3BTF","3BTF","A","E","1"
,,"B","I","2"
"3BTG","3BTG","A","E","1"
,,"B","I","2"
"3BTH","3BTH","A","E","1"
,,"B","I","2"
"3BTK","3BTK","A","E","1"
,,"B","I","2"
"3BTM","3BTM","A","E","1"
,,"B","I","2"
"3BTQ","3BTQ","A","E","1"
,,"B","I","2"
"3BTT","3BTT","A","E","1"
,,"B","I","2"
"3BTW","3BTW","A","E","1"
,,"B","I","2"
"3BYB","3BYB","A","A","1"
,,"B","B"
,,"C","C"
"3D65","3D65","A","I","1"
,,"B","E","2"
"3FP6","3FP6","B","I","2"
,,"A","E","1"
"3FP7","3FP7","A","E","1"
,,"B","I","2"
,,"C","J","3"
"3FP8","3FP8","A","E","1"
,,"B","I","2"
"3GYM","3GYM","A","A","1"
,,"C","B"
,,"B","I","2"
,,"D","J"
"3L33","3L33","A","A","1"
,,"B","B"
,,"C","C"
,,"D","D"
,,"E","E","2"
,,"F","F"
,,"G","G"
,,"H","H"
"3LDI","3LDI","A","A","1"
,,"B","B"
,,"C","C"
,,"D","D"
,,"E","E"
"3LDJ","3LDJ","A","A","1"
,,"B","B"
,,"C","C"
"3LDM","3LDM","A","A","1"
,,"B","B"
,,"C","C"
,,"D","D"
,,"E","E"
"3M7Q","3M7Q","A","A","1"
,,"B","B","2"
"3OFW","3OFW","A","A","1"
"3OTJ","3OTJ","A","E","1"
,,"B","I","2"
"3P92","3P92","A","A","1"
,,"B","E","2"
"3P95","3P95","A","A","1"
,,"B","E","2"
"3T62","3T62","A","A","1"
,,"C","B"
,,"E","C"
,,"B","D","2"
,,"D","E"
,,"F","F"
"3TGI","3TGI","A","E","1"
,,"B","I","2"
"3TGJ","3TGJ","A","E","1"
,,"B","I","2"
"3TGK","3TGK","A","E","1"
,,"B","I","2"
"3TPI","3TPI","A","Z","1"
,,"B","I","2"
"3U1J","3U1J","A","A","1"
,,"B","B","2"
,,"C","E","3"
"3UIR","3UIR","A","A","1"
,,"B","B"
,,"D","D","2"
,,"C","C"
"3UOU","3UOU","A","A","1"
,,"B","B","2"
"3WNY","3WNY","A","A","1"
,,"B","C"
,,"C","E"
,,"D","G"
,,"E","B"
,,"F","F"
,,"G","H"
,,"H","I"
"4BD9","4BD9","A","A","1"
,,"B","B","2"
"4BNR","4BNR","A","A","1"
,,"B","B"
,,"C","I","2"
,,"D","J"
"4BQD","4BQD","A","A","1"
,,"B","B"
,,"C","C","2"
,,"D","D"
"4DG4","4DG4","A","A","1"
,,"C","B"
,,"E","D"
,,"G","G"
,,"B","E","2"
,,"D","C"
,,"F","F"
,,"H","H"
"4DTG","4DTG","A","L","1"
,,"B","H","2"
,,"C","K","3"
"4ISL","4ISL","A","B","1"
,,"B","A","2"
"4ISN","4ISN","A","B","1"
,,"B","A","2"
"4ISO","4ISO","A","A","1"
,,"B","B","2"
"4NTW","4NTW","A","A","1"
,,"B","B","2"
,,"C","C","3"
"4NTX","4NTX","A","A","1"
,,"B","B","2"
,,"C","C","3"
"4NTY","4NTY","A","A","1"
,,"B","B","2"
,,"C","C","3"
"4PTI","4PTI","A","A","1"
"4TPI","4TPI","A","Z","1"
,,"B","I","2"
"4U30","4U30","A","A","1"
,,"B","B"
,,"C","C"
,,"D","D"
,,"E","X","2"
,,"F","Y"
,,"G","Z"
,,"H","W"
"4U32","4U32","A","X","1"
,,"B","A","2"
"4WWY","4WWY","A","A","1"
,,"B","B"
,,"C","C","2"
,,"D","I"
"4WXV","4WXV","A","A","1"
,,"B","B"
,,"C","C","2"
,,"D","I"
"4Y0Y","4Y0Y","A","E","1"
,,"B","I","2"
"4Y0Z","4Y0Z","A","E","1"
,,"B","I","2"
"4Y10","4Y10","A","E","1"
,,"B","I","2"
"4Y11","4Y11","A","E","1"
,,"B","I","2"
"5C67","5C67","A","A","1"
,,"C","B"
,,"B","E","2"
,,"D","C"
"5EZD","5EZD","A","A","1"
,,"B","B"
"5JB4","5JB4","A","A","1"
,,"B","B"
,,"C","C"
"5JB5","5JB5","A","A","1"
,,"B","B"
,,"C","C"
"5JB6","5JB6","A","A","1"
,,"B","B"
,,"C","C"
"5JB7","5JB7","A","A","1"
,,"B","B"
,,"C","C"
"5JBT","5JBT","A","A","1"
,,"B","X","2"
,,"C","Y","3"
"5M4V","5M4V","A","A","1"
"5NMV","5NMV","A","L","1"
,,"B","H","2"
,,"C","K","3"
"5NX1","5NX1","A","A","1"
,,"B","B","2"
,,"C","D","3"
,,"D","C","4"
"5NX3","5NX3","A","A","1"
,,"B","B","2"
,,"C","D","3"
,,"D","C","4"
"5PTI","5PTI","A","A","1"
"5XX2","5XX2","A","A","1"
,,"B","B"
"5XX3","5XX3","A","A","1"
,,"B","B"
"5XX4","5XX4","A","A","1"
,,"B","B"
"5XX5","5XX5","A","A","1"
,,"B","B"
"5XX6","5XX6","A","A","1"
,,"B","B"
"5XX7","5XX7","A","A","1"
,,"B","D"
"5XX8","5XX8","A","A","1"
,,"B","B"
"5YV7","5YV7","A","A","1"
"5YVU","5YVU","A","B","1"
,,"B","A","2"
,,"C","I","3"
"5YW1","5YW1","A","B","1"
,,"B","A","2"
,,"C","I","3"
"5ZJ3","5ZJ3","A","A","1"
,,"B","B"
,,"C","C"
"6BX8","6BX8","A","A","1"
,,"C","C"
,,"E","E"
,,"G","G"
,,"B","B","2"
,,"D","D"
,,"F","F"
,,"H","H"
"6F1F","6F1F","A","A","1"
,,"B","B"
,,"C","C"
,,"D","D"
,,"E","E"
"6GFI","6GFI","A","A","1"
,,"C","B"
,,"B","E","2"
,,"D","C"
"6HAR","6HAR","A","A","1"
,,"B","E","2"
"6KZF","6KZF","A","A","1"
,,"B","B","2"
"6PTI","6PTI","A","A","1"
"6Q61","6Q61","A","A","1"
"6Q6C","6Q6C","A","A","1"
,,"B","B"
"6YHY","6YHY","A","A","1"
,,"B","B"
"7PH1","7PH1","A","E","1"
,,"B","I","2"
"7PTI","7PTI","A","A","1"
"7QIQ","7QIQ","A","A","1"
,,"E","E"
,,"B","B","2"
,,"F","F"
,,"G","G","3"
,,"C","C"
,,"D","D","4"
,,"H","H"
"7QIR","7QIR","A","A","1"
,,"E","E"
,,"F","F","2"
,,"B","B"
,,"C","C","3"
,,"G","G"
,,"D","D","4"
,,"H","H"
"7QIS","7QIS","E","E","1"
,,"A","A"
,,"B","B","2"
,,"F","F"
,,"C","C","3"
,,"G","G"
,,"D","D","4"
,,"H","H"
"7QIT","7QIT","A","A","1"
,,"E","E"
,,"B","B","2"
,,"F","F"
,,"C","C","3"
,,"G","G"
,,"D","D","4"
,,"H","H"
"8PTI","8PTI","A","A","1"
"9PTI","9PTI","A","A","1"
